-BEGIN HEADER-,,,,,,,,,,,
NASA/POWER SRB/FLASHFlux/MERRA2/GEOS 5.12.4 (FP-IT) 0.5 x 0.5 Degree Daily Averaged Data ,,,,,,,,,,,
Dates (month/day/year): 04/01/2014 through 07/31/2016 ,,,,,,,,,,,
Location: Latitude  22.6439   Longitude 120.6 ,,,,,,,,,,,
Elevation from MERRA-2: Average for 1/2x1/2 degree lat/lon region = 369.24 meters   Site = na ,,,,,,,,,,,
Climate zone: na (reference Briggs et al: http://www.energycodes.gov) ,,,,,,,,,,,
Value for missing model data cannot be computed or out of model availability range: -99 ,,,,,,,,,,,
Parameter(s): ,,,,,,,,,,,
PRECTOT MERRA2 1/2x1/2 Precipitation (mm day-1) ,,,,,,,,,,,
T2M MERRA2 1/2x1/2 Temperature at 2 Meters (C) ,,,,,,,,,,,
T2M_MIN MERRA2 1/2x1/2 Minimum Temperature at 2 Meters (C) ,,,,,,,,,,,
ALLSKY_SFC_SW_DWN SRB/FLASHFlux 1/2x1/2 All Sky Insolation Incident on a Horizontal Surface (MJ/m^2/day) ,,,,,,,,,,,
RH2M MERRA2 1/2x1/2 Relative Humidity at 2 Meters (%) ,,,,,,,,,,,
T2MDEW MERRA2 1/2x1/2 Dew/Frost Point at 2 Meters (C) ,,,,,,,,,,,
T2M_MAX MERRA2 1/2x1/2 Maximum Temperature at 2 Meters (C) ,,,,,,,,,,,
WS2M MERRA2 1/2x1/2 Wind Speed at 2 Meters (m/s) ,,,,,,,,,,,
-END HEADER-,,,,,,,,,,,
LAT,LON,YEAR,DOY,PRECTOT,WS2M,RH2M,T2MDEW,T2M_MAX,T2M_MIN,ALLSKY_SFC_SW_DWN,T2M
22.64391,120.60001,2014,91,3.4,2.91,76.46,18.71,26.46,21,17.71,23.17
22.64391,120.60001,2014,92,5.2,1.69,77.43,18.75,26.61,20.54,6.69,22.94
22.64391,120.60001,2014,93,0.66,1.8,78.47,18.3,25.1,20.2,10.09,22.28
22.64391,120.60001,2014,94,2.02,3.22,74.43,16.06,24.09,18.51,7.24,20.84
22.64391,120.60001,2014,95,0.03,1.56,63.67,14.35,26.31,17.77,18.42,21.62
22.64391,120.60001,2014,96,0.02,4.3,61.99,14.11,26.37,18.3,11.71,21.8
22.64391,120.60001,2014,97,1.25,2.77,68.86,15.92,25.9,18.83,6.42,21.95
22.64391,120.60001,2014,98,0.83,1.46,69.84,17.92,28.51,20.27,17.39,23.85
22.64391,120.60001,2014,99,0.92,1.38,69.75,18.63,28.6,21.33,20.52,24.62
22.64391,120.60001,2014,100,0.72,2.61,73.69,18.84,27.38,21.67,17.78,23.9
22.64391,120.60001,2014,101,2.15,2.55,71.9,18.55,28.42,20.68,17.22,23.98
22.64391,120.60001,2014,102,0.05,2.58,67.61,18.09,29.59,20.83,22.59,24.58
22.64391,120.60001,2014,103,0.04,2.11,69.85,18.91,29.66,21.16,21.53,24.89
22.64391,120.60001,2014,104,0.55,1.74,72.85,19.03,28.16,21.66,14.87,24.25
22.64391,120.60001,2014,105,0.01,2.51,69.27,17.23,27.27,20.63,13.37,23.2
22.64391,120.60001,2014,106,0.07,2.56,68.11,17.34,27.71,20.24,17.79,23.58
22.64391,120.60001,2014,107,0.04,2.9,65.7,17.36,29.2,20.12,20.25,24.29
22.64391,120.60001,2014,108,0.07,2.21,64.48,17.98,30.49,21.13,18.23,25.23
22.64391,120.60001,2014,109,0.1,2.09,65.39,18.37,30.31,21.72,20.39,25.39
22.64391,120.60001,2014,110,0.18,1.91,66.06,19,30.78,22.13,18.8,25.91
22.64391,120.60001,2014,111,0.18,1.79,68.45,19.95,30.92,22.92,18.61,26.25
22.64391,120.60001,2014,112,0.41,1.93,66.28,19.77,31.23,23.25,19.81,26.63
22.64391,120.60001,2014,113,0.85,1.89,69.12,19.64,29.87,23.11,16.08,25.78
22.64391,120.60001,2014,114,0.2,1.79,64.98,19.23,31.26,22.53,17.79,26.42
22.64391,120.60001,2014,115,0.16,0.85,64.22,19.05,30.16,23.21,20.34,26.54
22.64391,120.60001,2014,116,1.48,1.41,70.75,20.78,30.73,23.54,15.97,26.57
22.64391,120.60001,2014,117,1.45,2.12,65.87,19.88,31.62,23.52,21.45,26.93
22.64391,120.60001,2014,118,0.83,1.62,64.8,18.83,30.49,23.29,16.04,26.12
22.64391,120.60001,2014,119,0.07,1.38,62.27,17.13,28.87,22.36,14.33,24.91
22.64391,120.60001,2014,120,0.51,1.51,67.13,17.42,26.85,21.65,12.66,23.93
22.64391,120.60001,2014,121,4.28,1.29,74.14,18.67,25.9,21.86,6.92,23.57
22.64391,120.60001,2014,122,7.26,2.17,76.83,19.86,27.01,22.34,8.69,24.23
22.64391,120.60001,2014,123,2,3.17,76.81,19.89,27.35,22.29,14.82,24.25
22.64391,120.60001,2014,124,10.71,3.33,72.44,19.59,29.09,21.6,17.21,25
22.64391,120.60001,2014,125,4.91,1.92,78.28,20.4,27.67,21.75,16.99,24.53
22.64391,120.60001,2014,126,1.7,1.93,73.86,18.42,27.26,21.06,6.74,23.36
22.64391,120.60001,2014,127,1.46,1.21,74.46,19.11,27.19,21.39,12.73,23.97
22.64391,120.60001,2014,128,2.23,1.58,69.46,19.31,30.1,22.01,20.32,25.39
22.64391,120.60001,2014,129,15.36,2.72,82.57,21.08,26.52,22.87,2.7,24.32
22.64391,120.60001,2014,130,4.3,1.95,75.51,19.94,27.67,22.04,15.78,24.67
22.64391,120.60001,2014,131,3.01,2.92,72.82,20.41,29.73,22.68,15.51,25.85
22.64391,120.60001,2014,132,3.24,2.57,76.25,21.28,29.35,23.69,21.8,25.89
22.64391,120.60001,2014,133,10.05,2.2,78.55,21.73,28.97,23.1,17.29,25.81
22.64391,120.60001,2014,134,0.74,4,76.39,21.8,30.09,23.47,21.73,26.38
22.64391,120.60001,2014,135,15.07,4.12,81.86,22.45,28.29,23.95,18.3,25.85
22.64391,120.60001,2014,136,2.64,1.46,78.56,22.03,29.13,23.67,20.38,26.14
22.64391,120.60001,2014,137,2.82,1.62,73.48,20.17,27.21,23.82,23.52,25.43
22.64391,120.60001,2014,138,6.31,2.76,73.77,21.09,29.48,23.89,16.95,26.21
22.64391,120.60001,2014,139,10.26,2.09,81.34,22.03,27.82,23.85,15.23,25.52
22.64391,120.60001,2014,140,16.21,3.15,83.69,22.44,27.43,23.31,11.27,25.47
22.64391,120.60001,2014,141,17.2,1.33,82.94,22.42,27.98,23.69,8.57,25.6
22.64391,120.60001,2014,142,2.77,1.88,79.56,21.56,28.29,23.17,22.13,25.42
22.64391,120.60001,2014,143,2.43,1.16,77.76,21.62,28.43,23.95,7.81,25.88
22.64391,120.60001,2014,144,2.9,1.47,74.49,21.86,30.89,23.28,24.73,26.89
22.64391,120.60001,2014,145,1.22,2.13,74.66,22.44,30.77,24.54,22.45,27.4
22.64391,120.60001,2014,146,3.07,2.8,78.54,23.09,30.15,24.69,21.69,27.21
22.64391,120.60001,2014,147,5.27,3.2,83.24,23.44,28.95,24.5,14.55,26.57
22.64391,120.60001,2014,148,27.4,2.77,88.57,24.55,29.13,25.16,9.59,26.64
22.64391,120.60001,2014,149,5.94,1.78,81.25,23.34,29.5,24.81,20.98,26.88
22.64391,120.60001,2014,150,0.29,1.14,77.8,22.29,29.23,24.36,17.35,26.57
22.64391,120.60001,2014,151,1.38,1.84,73.97,22.32,30.99,24.79,22.28,27.46
22.64391,120.60001,2014,152,0.52,2.09,73.48,22.16,31.1,24.75,24.56,27.41
22.64391,120.60001,2014,153,0.08,2.97,82.05,23.35,29.18,23.98,23.08,26.75
22.64391,120.60001,2014,154,5.87,3.63,87.3,24.14,27.99,24.54,12.66,26.48
22.64391,120.60001,2014,155,5.51,3.07,81.1,22.88,29.36,24.3,5.07,26.46
22.64391,120.60001,2014,156,26.88,2.49,82.84,23.12,29.03,24.36,6.28,26.34
22.64391,120.60001,2014,157,11.02,1.36,80.1,22.15,28.7,24.01,18.24,25.95
22.64391,120.60001,2014,158,12.52,2.36,84.41,22.35,26.74,23.42,9.86,25.25
22.64391,120.60001,2014,159,34.82,3.25,86.44,23.46,27.72,24.03,10.98,25.96
22.64391,120.60001,2014,160,20.44,4.51,92.24,24.48,26.74,24.98,9.99,25.86
22.64391,120.60001,2014,161,5.55,3.65,87.23,24.09,29.24,24.36,17.01,26.41
22.64391,120.60001,2014,162,10.48,2.7,86.85,23.96,29.31,24.33,18.2,26.36
22.64391,120.60001,2014,163,5.57,3.8,81.93,22.14,28.42,23.01,11.25,25.52
22.64391,120.60001,2014,164,20.28,4.71,84.76,22.55,28.11,22.61,7.83,25.42
22.64391,120.60001,2014,165,25.7,4.93,90.96,24.07,26.92,24.29,6.48,25.71
22.64391,120.60001,2014,166,18.67,4.44,91.57,24.49,27.15,25.22,9.14,26
22.64391,120.60001,2014,167,3.19,3.39,88.65,24.17,28.04,24.85,21.31,26.23
22.64391,120.60001,2014,168,0.9,3.58,89.06,24.27,28.14,25.07,20.82,26.25
22.64391,120.60001,2014,169,0.18,2.6,85.96,23.88,28.84,24.97,22.66,26.47
22.64391,120.60001,2014,170,0.16,2.25,83.75,23.64,29.31,24.46,23.39,26.68
22.64391,120.60001,2014,171,0.8,2.53,82.55,23.49,29.25,24.29,21.48,26.76
22.64391,120.60001,2014,172,0.86,4.29,85,24.14,29.14,25.33,22.76,26.91
22.64391,120.60001,2014,173,0.5,3.63,85.01,23.82,28.66,25.15,21.25,26.59
22.64391,120.60001,2014,174,2.13,3.16,85.26,23.74,28.61,24.78,23.51,26.46
22.64391,120.60001,2014,175,3.26,3.17,84.47,23.85,29.17,24.6,22.98,26.73
22.64391,120.60001,2014,176,4.78,2.65,84.11,23.64,28.79,24.98,20.33,26.6
22.64391,120.60001,2014,177,0.75,2.58,84.37,24.12,29.47,25.1,20.74,27.03
22.64391,120.60001,2014,178,0.38,1.91,78.88,23.51,30.93,24.56,22.84,27.57
22.64391,120.60001,2014,179,5.35,2.43,83.89,24.65,30.49,25.5,16.86,27.68
22.64391,120.60001,2014,180,1.54,2.53,83.92,24.1,29.06,25.42,22.88,27.09
22.64391,120.60001,2014,181,1.3,2.2,80.02,23.6,30.6,24.96,24.93,27.43
22.64391,120.60001,2014,182,0.43,2.13,74.73,22.97,31.77,24.87,25.27,27.96
22.64391,120.60001,2014,183,0.07,2.15,74.11,22.79,31.52,24.8,25.29,27.92
22.64391,120.60001,2014,184,0.22,2.1,77.55,23.61,31.49,24.73,24.22,27.96
22.64391,120.60001,2014,185,1.02,1.75,76.28,23.75,31.61,25.6,21.47,28.37
22.64391,120.60001,2014,186,2.61,2.35,78.49,24.22,30.47,26.22,14.98,28.4
22.64391,120.60001,2014,187,0.88,1.74,83.33,25.04,30.41,26.5,18.88,28.17
22.64391,120.60001,2014,188,1.88,1.92,81.97,24.86,31.61,26.23,21.66,28.26
22.64391,120.60001,2014,189,0.37,4.87,80.22,24.45,31.27,26.24,23.93,28.24
22.64391,120.60001,2014,190,2.27,3.21,85.46,25.04,29.29,26.51,20.36,27.74
22.64391,120.60001,2014,191,0.47,3.03,82.05,24.32,29.92,25.84,22.92,27.7
22.64391,120.60001,2014,192,0.34,2.48,81.63,23.99,30.02,25.64,24.16,27.46
22.64391,120.60001,2014,193,0.34,2.83,77.67,23.61,31.4,24.99,25.72,27.93
22.64391,120.60001,2014,194,0.16,2.48,76.8,23.66,31.79,25.17,24.99,28.17
22.64391,120.60001,2014,195,0.22,2.36,76.19,23.69,31.97,25.44,25.2,28.35
22.64391,120.60001,2014,196,0.22,2.34,74.53,23.2,31.89,25.4,22.95,28.23
22.64391,120.60001,2014,197,0.96,4.03,71.75,22.61,32.04,25.11,24.72,28.3
22.64391,120.60001,2014,198,3.4,4.33,77.09,23.51,31.13,25.78,15.86,27.96
22.64391,120.60001,2014,199,6.76,2.71,76.9,23.46,31.39,25.62,16.27,27.94
22.64391,120.60001,2014,200,3.35,1.52,79.44,23.33,29.34,25.24,20.98,27.23
22.64391,120.60001,2014,201,3.04,1.57,72.37,22.82,32.19,25.53,22.87,28.33
22.64391,120.60001,2014,202,5.82,2.27,73.09,23.14,32.35,25.73,24.55,28.51
22.64391,120.60001,2014,203,46.08,4.9,82.16,24.48,30.67,26.12,10.57,27.87
22.64391,120.60001,2014,204,65.24,9.71,91.25,24.73,26.86,25.64,2.48,26.3
22.64391,120.60001,2014,205,7.53,5.08,85.4,23.96,28.59,25.32,11.7,26.64
22.64391,120.60001,2014,206,13.36,3.12,85.18,23.8,28.62,25,15.68,26.53
22.64391,120.60001,2014,207,1.63,2.75,81.56,23.49,30.03,24.67,23.86,26.94
22.64391,120.60001,2014,208,1.73,1.36,75.54,22.57,31,24.32,23.91,27.35
22.64391,120.60001,2014,209,2.85,0.81,79.74,23.27,29.97,24.86,23.31,27.11
22.64391,120.60001,2014,210,11.34,0.88,81.63,23.89,30.1,25.37,21.68,27.34
22.64391,120.60001,2014,211,3.36,1.67,82.72,24.21,30.25,25.35,21.53,27.46
22.64391,120.60001,2014,212,1.14,4.09,86.71,24.96,30.01,25.82,21.38,27.41
22.64391,120.60001,2014,213,6.2,4.9,88.65,24.94,28.6,25.69,18.44,27
22.64391,120.60001,2014,214,5.2,4.01,85.75,24.28,28.88,25.34,21.53,26.89
22.64391,120.60001,2014,215,6.14,2.51,85.03,24.04,28.34,25.4,21.1,26.81
22.64391,120.60001,2014,216,3.32,2.6,85.7,24,28.36,24.95,18.88,26.63
22.64391,120.60001,2014,217,2.3,2.09,82.88,23.32,28.91,24.65,19.95,26.51
22.64391,120.60001,2014,218,4.63,1.49,81.37,23.58,29.65,24.84,21.04,27.08
22.64391,120.60001,2014,219,37.69,4.24,87.88,24.69,29.06,25.23,15.35,26.9
22.64391,120.60001,2014,220,32.08,4.35,89.95,25.21,28.96,25.84,10.88,27.02
22.64391,120.60001,2014,221,59.48,5.02,90.4,25,28.35,25.59,10.95,26.72
22.64391,120.60001,2014,222,51.8,4.54,90.59,24.78,28.11,25.32,11.39,26.47
22.64391,120.60001,2014,223,65.51,3.88,90.7,24.35,27.38,25.01,7.69,26.01
22.64391,120.60001,2014,224,93.99,3.6,91.37,23.93,26.48,24.68,6.67,25.46
22.64391,120.60001,2014,225,41.6,5.77,91.3,24.16,27.01,24.72,6.6,25.71
22.64391,120.60001,2014,226,8.8,4.38,90.29,24.55,28.33,24.74,17.26,26.32
22.64391,120.60001,2014,227,2.45,2.51,87.06,24.34,28.7,24.82,23.49,26.73
22.64391,120.60001,2014,228,5.4,1.27,84.4,23.71,28.89,24.98,20.94,26.6
22.64391,120.60001,2014,229,4.78,2.85,84.56,23.39,28.51,24.25,20.61,26.24
22.64391,120.60001,2014,230,24.3,4.23,87.52,23.86,28.36,24.51,12.59,26.14
22.64391,120.60001,2014,231,6.59,3.34,87.95,23.2,26.85,24.35,21.65,25.37
22.64391,120.60001,2014,232,0.59,2.66,84.19,22.79,28.11,23.5,17.19,25.71
22.64391,120.60001,2014,233,12.24,0.97,77.77,22.35,30.35,23.41,23.6,26.63
22.64391,120.60001,2014,234,5.26,1.21,79.35,22.71,30.02,23.98,23.35,26.62
22.64391,120.60001,2014,235,0.49,1.18,78.5,22.91,30.11,24.31,23.3,27.03
22.64391,120.60001,2014,236,0.19,1.62,79.45,23.08,30.12,24.36,23.5,26.98
22.64391,120.60001,2014,237,6.88,1.74,80.34,23.2,29.93,24.46,22.61,26.9
22.64391,120.60001,2014,238,5.19,2.75,81.96,23.23,28.91,24.39,21.15,26.62
22.64391,120.60001,2014,239,0.74,2.71,80.44,22.72,28.87,24.23,24.36,26.41
22.64391,120.60001,2014,240,0.8,1.81,80.38,23.03,29.32,24.35,22.92,26.74
22.64391,120.60001,2014,241,2.44,1.63,81.39,23.19,28.74,24.66,18.14,26.72
22.64391,120.60001,2014,242,3.73,1.79,80.27,23.01,29.29,24.69,22.36,26.73
22.64391,120.60001,2014,243,3.02,1.04,80.49,23.07,29.48,24.25,21.29,26.75
22.64391,120.60001,2014,244,1.45,0.95,77.5,22.91,30.41,24.82,22.77,27.23
22.64391,120.60001,2014,245,0.36,1.05,76.5,22.82,29.92,25.44,23.01,27.35
22.64391,120.60001,2014,246,0.32,1.34,80.23,23.16,29.51,24.84,21.96,26.88
22.64391,120.60001,2014,247,0.09,0.8,79.83,23.2,30.05,24.59,21.13,27.01
22.64391,120.60001,2014,248,0.57,1.84,77.74,23.23,30.83,24.69,23.53,27.51
22.64391,120.60001,2014,249,0.27,1.44,81.65,24.08,29.58,25.81,21.41,27.53
22.64391,120.60001,2014,250,0.79,1.37,87.08,24.39,28.24,25.39,15.04,26.74
22.64391,120.60001,2014,251,1.05,1.98,84.57,23.77,28.5,24.91,14.61,26.62
22.64391,120.60001,2014,252,0.88,1.42,83.84,23.66,28.86,24.96,21.71,26.63
22.64391,120.60001,2014,253,0.83,1.5,77.03,23.02,30.78,24.86,20.56,27.43
22.64391,120.60001,2014,254,2.51,2.24,78.84,23.06,29.99,24.99,19.66,27.09
22.64391,120.60001,2014,255,26.04,1.98,81.17,23.39,30.08,24.28,22.48,26.95
22.64391,120.60001,2014,256,6.1,0.84,74.62,22.51,30.45,25.21,20.32,27.5
22.64391,120.60001,2014,257,3.33,3.98,78.61,23.71,30.63,25.17,18.18,27.83
22.64391,120.60001,2014,258,4.23,6.75,82.05,24.06,29.79,25.8,18.55,27.43
22.64391,120.60001,2014,259,1.97,3.54,82.59,24.04,30.1,25.26,21.04,27.28
22.64391,120.60001,2014,260,0.35,0.81,81.51,23.83,30.47,25.14,20.79,27.32
22.64391,120.60001,2014,261,0.82,1.76,83.03,24.24,30.29,25.37,17.63,27.42
22.64391,120.60001,2014,262,8.82,4.31,80.2,23.5,30.55,24.32,12.25,27.26
22.64391,120.60001,2014,263,38.94,5.15,83.76,23.75,29.01,24.88,8.23,26.75
22.64391,120.60001,2014,264,100.71,7.87,91.16,23.88,26.94,23.96,2.08,25.47
22.64391,120.60001,2014,265,6.09,2.96,86.66,22.59,27.42,22.8,15.1,25.01
22.64391,120.60001,2014,266,2.22,3.36,88.09,23.36,27.48,23.99,10.45,25.51
22.64391,120.60001,2014,267,0.75,1.67,82.62,22.6,28.66,23.29,20.8,25.84
22.64391,120.60001,2014,268,0.16,0.93,78.13,22.37,29.73,23.93,20.67,26.53
22.64391,120.60001,2014,269,0.3,0.93,81.39,23.04,29.43,24.47,20.48,26.51
22.64391,120.60001,2014,270,1.43,1.23,83.65,23.33,29.23,24.25,19.36,26.34
22.64391,120.60001,2014,271,0.06,1.19,83.25,22.97,28.97,24.17,19.05,26.05
22.64391,120.60001,2014,272,0.02,1.17,81.49,22.75,29.32,23.99,19.97,26.2
22.64391,120.60001,2014,273,0.55,1.36,78.57,22.34,29.91,23.69,20.19,26.42
22.64391,120.60001,2014,274,0.39,1.72,81.54,22.47,29.32,23.7,18.93,25.92
22.64391,120.60001,2014,275,1.21,1.15,81.95,22.58,29.25,23.62,19.37,25.93
22.64391,120.60001,2014,276,0.15,1.26,79.8,21.59,28.35,23.28,16.78,25.36
22.64391,120.60001,2014,277,0.09,1.21,79.24,19.87,26.28,21.9,16.84,23.71
22.64391,120.60001,2014,278,0.18,1.7,76,19.25,27.09,21.43,17.64,23.77
22.64391,120.60001,2014,279,0.08,3.56,72.01,18.35,27.92,20.74,20.26,23.75
22.64391,120.60001,2014,280,0.02,2.98,72.7,17.9,26.82,19.74,19.82,23.13
22.64391,120.60001,2014,281,0.31,2.33,76.04,19.22,27.54,20.88,15.88,23.76
22.64391,120.60001,2014,282,0.55,2.02,79.42,20.49,28.19,20.98,19.49,24.36
22.64391,120.60001,2014,283,0.22,1.5,77.78,21.4,29.64,22.39,18.51,25.63
22.64391,120.60001,2014,284,0.26,1.4,76.74,21.05,29.34,22.66,18.92,25.5
22.64391,120.60001,2014,285,0.47,1.95,77.14,19.87,28.69,20.59,19.91,24.2
22.64391,120.60001,2014,286,0.31,2.07,76.23,19.33,26.56,21.6,17.16,23.8
22.64391,120.60001,2014,287,0.02,1.6,75.72,18.21,25.5,20.65,17.61,22.75
22.64391,120.60001,2014,288,0.01,2.03,72.4,17.12,25.97,20.09,17.36,22.35
22.64391,120.60001,2014,289,0.01,2.69,71.8,16.78,26.09,19.04,18.98,22.18
22.64391,120.60001,2014,290,0.5,2.6,72.08,17.34,26.99,18.9,19.86,22.74
22.64391,120.60001,2014,291,0.09,2.66,74.74,19.13,27.5,21.69,16.81,23.91
22.64391,120.60001,2014,292,0.46,2.29,75.95,19.72,28.39,20.73,14.81,24.3
22.64391,120.60001,2014,293,0.13,1.76,74.98,20.7,29.94,21.86,19.44,25.57
22.64391,120.60001,2014,294,0.26,1.21,75.03,21.23,29.8,23.84,18.04,26.07
22.64391,120.60001,2014,295,2.58,1.38,75.54,20.83,29.39,22.83,15.1,25.56
22.64391,120.60001,2014,296,0.04,2.51,76.98,19.57,26.86,21.84,14.4,23.87
22.64391,120.60001,2014,297,0.78,1.44,76.06,19.74,27.39,22.05,17.03,24.26
22.64391,120.60001,2014,298,0.13,1.9,77.45,20.29,27.69,22.52,16,24.52
22.64391,120.60001,2014,299,1.13,1.31,75.78,20.55,29.22,22.49,16.33,25.19
22.64391,120.60001,2014,300,0.86,3.22,76.05,20.32,28.61,22.3,16.1,24.9
22.64391,120.60001,2014,301,0.09,3.59,71.74,18.66,28.11,20.97,16.51,24.14
22.64391,120.60001,2014,302,0.01,2.77,72.46,19.12,28.44,21.67,15.32,24.42
22.64391,120.60001,2014,303,0.02,2.3,72.56,19.07,28.71,21.16,16.36,24.35
22.64391,120.60001,2014,304,0.01,1.33,74.44,19.58,28.67,21.6,16.96,24.45
22.64391,120.60001,2014,305,0.03,1.15,73.86,19.81,29.25,21.18,18.55,24.86
22.64391,120.60001,2014,306,0.14,1.79,74.53,20.26,29.4,22.35,17.82,25.15
22.64391,120.60001,2014,307,0.04,2.54,75.33,17.83,25.5,20.05,12.57,22.47
22.64391,120.60001,2014,308,0.15,1.37,73.76,17.01,25.61,19.53,13.33,21.94
22.64391,120.60001,2014,309,0.02,1.13,70.16,16.35,26,19.5,15.44,22.08
22.64391,120.60001,2014,310,0.05,1.3,68.14,16.49,27.58,18.89,13.27,22.75
22.64391,120.60001,2014,311,0.04,3.29,72.9,17.41,26.04,20.34,12.48,22.54
22.64391,120.60001,2014,312,0.01,2.01,72.47,17.62,27.03,20.16,14.1,22.86
22.64391,120.60001,2014,313,0.43,1.53,75.57,18.74,26.56,21.34,11.34,23.34
22.64391,120.60001,2014,314,0.12,1.93,72.8,18.23,27.22,21.15,16.88,23.43
22.64391,120.60001,2014,315,0.03,1.45,72.91,17.85,26.62,20.83,16.23,23
22.64391,120.60001,2014,316,0.63,1.91,75.33,18.1,26.13,20.58,13.7,22.73
22.64391,120.60001,2014,317,1.31,3.87,74.02,17.3,25.56,20.27,11.91,22.22
22.64391,120.60001,2014,318,2.5,3.86,77.28,17.47,24.86,19.92,11.3,21.68
22.64391,120.60001,2014,319,1.7,4.56,75.52,17.61,25.13,20.16,9.78,22.17
22.64391,120.60001,2014,320,1.08,2.28,75.72,18.35,27.09,20.11,8.38,22.95
22.64391,120.60001,2014,321,1.74,2.9,79.6,19.12,26.84,20.26,10.43,22.89
22.64391,120.60001,2014,322,0.16,3.93,73.87,16.17,24.08,19.21,11.05,21.07
22.64391,120.60001,2014,323,0.05,3.14,70.88,15.78,25.12,18.57,14.65,21.34
22.64391,120.60001,2014,324,0.03,2.33,69.05,16.38,26.38,19.67,15.5,22.41
22.64391,120.60001,2014,325,1.08,1.62,70.38,17.41,27.63,20.18,14.38,23.24
22.64391,120.60001,2014,326,0.1,2.25,72.28,18.43,28.2,21.1,16.21,23.81
22.64391,120.60001,2014,327,0.03,2.86,71.6,17.71,27.75,19.93,16.37,23.24
22.64391,120.60001,2014,328,0,1.74,69.33,17.09,28.25,19.6,16.49,23.17
22.64391,120.60001,2014,329,0.23,0.97,65.79,16.89,28.81,20.6,16.44,24
22.64391,120.60001,2014,330,0.67,2.08,71.74,18.53,28.55,20.72,13.17,24.1
22.64391,120.60001,2014,331,1.67,1.97,76.9,20.16,28.25,22.09,15.47,24.59
22.64391,120.60001,2014,332,2.87,2.78,76.8,20.03,27.66,22.31,13.86,24.43
22.64391,120.60001,2014,333,0.44,2.9,77.62,20.49,28.63,22.25,12.74,24.72
22.64391,120.60001,2014,334,0.07,1.6,75.38,19.7,28.96,21.61,14.81,24.46
22.64391,120.60001,2014,335,0.56,3.85,76.02,17.85,25.61,19.6,10.83,22.39
22.64391,120.60001,2014,336,1.46,4.03,74.04,14.92,21.81,17.84,4.87,19.72
22.64391,120.60001,2014,337,2.11,3.54,76.41,16.42,23.9,18.71,8.56,20.83
22.64391,120.60001,2014,338,4.79,3.18,82.52,16.67,22.15,16.94,4.49,19.85
22.64391,120.60001,2014,339,1.22,3.36,75.33,13.4,20.94,15.64,6.54,17.87
22.64391,120.60001,2014,340,0.02,4.51,68.05,11.67,21.94,14.37,12.19,17.77
22.64391,120.60001,2014,341,0.05,3.59,65.03,11.98,23.38,15.18,14.13,18.84
22.64391,120.60001,2014,342,0.19,3.7,67.87,14.29,25.01,17.29,13.29,20.58
22.64391,120.60001,2014,343,1.2,4.99,74.85,16.33,24.02,19.07,6.21,21.04
22.64391,120.60001,2014,344,0.83,2.07,79.05,17.78,24.54,19.56,9.03,21.61
22.64391,120.60001,2014,345,0.88,2.49,76.91,17.76,25.86,19.35,7.92,22.06
22.64391,120.60001,2014,346,0.61,3.19,77.06,14.42,20.94,16.11,6.18,18.61
22.64391,120.60001,2014,347,0.3,3.15,72.48,12.33,20.18,15.37,8.72,17.39
22.64391,120.60001,2014,348,0.4,3.46,72.24,13.13,21.52,15.67,10.2,18.32
22.64391,120.60001,2014,349,0.06,1.46,72.15,14.93,24.32,17.26,11.7,20.17
22.64391,120.60001,2014,350,0.03,3.2,71.47,13.76,23.38,15.17,12.64,19.21
22.64391,120.60001,2014,351,0.02,3.51,69.81,9.49,17.44,13.05,9.82,15.08
22.64391,120.60001,2014,352,0.03,4.08,69.89,10.24,18.98,13.12,11.69,15.88
22.64391,120.60001,2014,353,1.54,2.14,79.05,13.85,19.53,16.08,4.42,17.61
22.64391,120.60001,2014,354,0.86,3.11,79.77,13.99,19.59,15.93,7.98,17.62
22.64391,120.60001,2014,355,0.42,2.96,74.36,12.89,20.78,15.46,10.15,17.58
22.64391,120.60001,2014,356,0.04,4.19,69.18,10.65,20.33,14.25,13.11,16.45
22.64391,120.60001,2014,357,0.1,3.43,70.42,12.45,21.81,14.42,9.22,18.07
22.64391,120.60001,2014,358,0.06,2.26,72.77,15.42,25.11,17.31,11.86,20.61
22.64391,120.60001,2014,359,3.93,3.61,81.14,15.39,20.07,17.15,3.44,18.75
22.64391,120.60001,2014,360,0.94,4.27,77.92,14.5,20.71,17.11,7.56,18.48
22.64391,120.60001,2014,361,1.36,3.63,77.59,14.68,21.78,16.73,8.1,18.77
22.64391,120.60001,2014,362,1.06,2.15,79.69,14.89,21.72,16.26,9.94,18.54
22.64391,120.60001,2014,363,0.27,2.35,72.57,11.88,20.53,14.57,11.82,17
22.64391,120.60001,2014,364,0,2.01,63.32,9.83,21.68,13.28,14.52,17.02
22.64391,120.60001,2014,365,0.02,2.4,61.88,10.46,23.49,14.69,15.04,18.1
22.64391,120.60001,2015,1,0.18,4.41,68.39,10.15,19.74,12.82,11.65,16.08
22.64391,120.60001,2015,2,0.41,3.51,69.64,9.85,19.51,12.68,12.65,15.52
22.64391,120.60001,2015,3,0.07,2.48,68.69,10.68,20.66,13.45,14.56,16.57
22.64391,120.60001,2015,4,0.11,1.6,67.66,12.12,23.01,14.86,15.11,18.38
22.64391,120.60001,2015,5,0.26,2.11,72.38,14.92,24.64,16.86,15.01,20.15
22.64391,120.60001,2015,6,0.29,0.95,70.6,15.51,26.26,17.61,11.91,21.29
22.64391,120.60001,2015,7,1.64,2.19,75.54,15.59,23.99,17.26,8.17,20.14
22.64391,120.60001,2015,8,0.31,3.16,73.9,11.85,18.86,14.11,6.72,16.62
22.64391,120.60001,2015,9,0.03,3.48,67.35,10.03,20.62,13.14,12.29,16.26
22.64391,120.60001,2015,10,0.12,3.54,67.47,11.07,20.76,14.52,12.87,17.26
22.64391,120.60001,2015,11,1.27,3.77,70.13,12.68,21.58,15.89,14.22,18.33
22.64391,120.60001,2015,12,0.55,6.2,67.5,11.94,21.24,16.26,12.09,18.15
22.64391,120.60001,2015,13,4.5,5.43,72.9,14.45,22.98,16.87,10.92,19.54
22.64391,120.60001,2015,14,7.7,2.2,77.45,15.47,24.72,17.15,13.21,19.59
22.64391,120.60001,2015,15,0.17,2.03,70.95,13.2,22.91,15.87,12.04,18.62
22.64391,120.60001,2015,16,0.17,1.97,67.49,11.8,22.35,15.32,14.33,18.01
22.64391,120.60001,2015,17,0.15,4.19,67.16,11.02,20.64,14.61,13.74,17.28
22.64391,120.60001,2015,18,0.09,2.79,68.99,11.45,21.46,14.14,14.33,17.33
22.64391,120.60001,2015,19,0.18,3.88,67.56,12.04,22.17,15.48,7.66,18.23
22.64391,120.60001,2015,20,1.98,2.04,76.73,13.53,20.4,15.89,9.88,17.74
22.64391,120.60001,2015,21,1.06,1.9,69.74,13.02,22.95,15.9,12.96,18.87
22.64391,120.60001,2015,22,0.14,2.24,62.22,9.01,21.98,13.74,15.37,17.01
22.64391,120.60001,2015,23,0.01,2.54,62.61,8.47,20.99,12.5,16.05,16.02
22.64391,120.60001,2015,24,0,4.21,65.75,10.08,22.27,12.62,17.24,16.83
22.64391,120.60001,2015,25,0.47,3.4,72.04,13.27,21.29,16.16,14.93,18.56
22.64391,120.60001,2015,26,1.44,1.76,76.13,15.27,23.25,17.08,10.87,19.67
22.64391,120.60001,2015,27,0.99,1.33,76.92,15.49,23.37,17.53,10.17,19.7
22.64391,120.60001,2015,28,0.58,3.02,72.68,13.45,22,15.73,10.54,18.53
22.64391,120.60001,2015,29,0.46,1.65,71.73,14.02,24.23,16.08,16.31,19.36
22.64391,120.60001,2015,30,0.83,1.75,76.48,14.5,22.66,16.33,14.52,18.79
22.64391,120.60001,2015,31,0.14,3.36,71.75,12.63,21.1,15.86,14.51,17.87
22.64391,120.60001,2015,32,0.21,3.24,69.27,12.25,21.38,15.93,14.27,18.04
22.64391,120.60001,2015,33,0.28,1.6,68.92,12.71,22.21,15.62,15.02,18.6
22.64391,120.60001,2015,34,0.51,0.7,71.76,13.44,22.42,16.45,14.3,18.69
22.64391,120.60001,2015,35,1.98,1.87,75.02,13.47,21.56,15.83,13.82,18.04
22.64391,120.60001,2015,36,0.27,2.71,73.81,11.2,18.28,14.23,12.37,15.99
22.64391,120.60001,2015,37,0.16,2.13,70.8,10.48,19.29,13.28,9.62,15.88
22.64391,120.60001,2015,38,0.44,1.41,69.94,11.86,22.1,14.32,14.66,17.54
22.64391,120.60001,2015,39,0.28,2.87,68.66,11.17,21.12,14.19,9.03,17.17
22.64391,120.60001,2015,40,0.17,2.53,68.4,9.41,18.21,13.42,10.52,15.33
22.64391,120.60001,2015,41,0.07,1.51,64.83,9.23,19.83,13.2,17.59,15.99
22.64391,120.60001,2015,42,0.01,2.1,59.26,8.96,22.77,12.9,18.08,17.18
22.64391,120.60001,2015,43,0.04,2.86,57.89,8.95,23.13,13.51,17.17,17.75
22.64391,120.60001,2015,44,0,2.93,57.96,9.36,23.05,14.25,18.38,18.09
22.64391,120.60001,2015,45,0.34,4.18,65.84,12.16,23.11,15.22,14.49,18.88
22.64391,120.60001,2015,46,3.75,3.02,76.67,16.57,24.37,18.19,12.51,20.94
22.64391,120.60001,2015,47,3.56,2.13,76.67,17.7,26.78,19.33,16.45,22.07
22.64391,120.60001,2015,48,0.58,1.77,70.3,15.48,24.86,18.77,11.11,21.21
22.64391,120.60001,2015,49,0.36,3.15,66.22,13.81,25.22,17.23,16.95,20.4
22.64391,120.60001,2015,50,0.56,3.67,67.63,13.27,23.11,16.9,15.83,19.47
22.64391,120.60001,2015,51,0.72,3.32,69.92,13.84,23.66,16.59,16.69,19.53
22.64391,120.60001,2015,52,4.43,3.86,73.46,15.19,24.01,17.02,8.05,20.19
22.64391,120.60001,2015,53,7.51,2.02,80.22,18.06,25.93,18.9,16.72,21.71
22.64391,120.60001,2015,54,1.78,1.26,74.23,17.36,26.45,19.33,15.68,22.23
22.64391,120.60001,2015,55,1.23,1.78,72.6,17.08,27.21,18.76,18.57,22.34
22.64391,120.60001,2015,56,2.67,1.96,75.8,18.04,26.69,20.04,19.27,22.59
22.64391,120.60001,2015,57,0.06,1.4,70.42,17.15,28.62,19.04,19.93,23.07
22.64391,120.60001,2015,58,0.25,1.68,72.96,18.03,27.91,20.25,18.01,23.27
22.64391,120.60001,2015,59,0.08,1.93,71.79,17.6,27.46,20.39,17.42,23.03
22.64391,120.60001,2015,60,0.45,1.48,70.45,15.91,26.81,17.9,14.03,21.62
22.64391,120.60001,2015,61,0.32,1.87,72.98,14.88,23.08,17.34,14.72,19.93
22.64391,120.60001,2015,62,0.47,2.36,71.08,16.78,26.76,18.75,17.65,22.41
22.64391,120.60001,2015,63,0.78,1.78,69.63,16.39,26.35,19.51,14.33,22.31
22.64391,120.60001,2015,64,0.19,2.09,69.01,15.96,26.82,18.63,18.54,21.97
22.64391,120.60001,2015,65,0.17,1.19,68.05,16.19,26.22,19.84,15.53,22.47
22.64391,120.60001,2015,66,0.96,1.37,73.57,17.17,25.64,19.63,17.15,22.18
22.64391,120.60001,2015,67,1.12,2.42,72.21,17.41,27.5,19.2,18.36,22.75
22.64391,120.60001,2015,68,1.3,2.88,67.04,15.95,28.19,19.11,17.57,22.49
22.64391,120.60001,2015,69,2.06,4.69,70.59,13.17,20.79,17.2,5.83,18.68
22.64391,120.60001,2015,70,1.86,1.96,72.95,13.75,21.41,16.55,10.34,18.76
22.64391,120.60001,2015,71,3.98,1.58,73.25,14.88,24.24,16.76,7.49,19.87
22.64391,120.60001,2015,72,0.25,1.13,69.55,15.22,25.26,17.91,19.62,21.07
22.64391,120.60001,2015,73,0.16,1.89,66.34,15.88,27.63,18.78,20.45,22.6
22.64391,120.60001,2015,74,3.44,3.64,75.82,18.26,27.18,19.66,19.84,22.84
22.64391,120.60001,2015,75,2.41,3.11,78.71,19.2,27.18,20.19,8.88,23.17
22.64391,120.60001,2015,76,0.2,3.06,71.99,17.87,28.13,19.71,18.89,23.27
22.64391,120.60001,2015,77,0,2.8,67.58,15.97,27.69,18.25,21.5,22.53
22.64391,120.60001,2015,78,0.01,1.84,63.13,16.66,31.13,19.32,21.51,24.39
22.64391,120.60001,2015,79,0.06,1.25,68.02,18.04,29.7,20.94,19.17,24.44
22.64391,120.60001,2015,80,0.03,1.01,66.71,17.48,29.15,19.97,16.05,24.09
22.64391,120.60001,2015,81,1.13,1.98,71.11,17.78,27.51,20.94,13.13,23.36
22.64391,120.60001,2015,82,3.08,3.22,69.14,16.41,26.44,20.1,14.15,22.41
22.64391,120.60001,2015,83,1.71,4.92,69.51,15.51,24.73,19.27,17.28,21.38
22.64391,120.60001,2015,84,5.22,4.83,73.55,15.62,23.23,19,11.85,20.55
22.64391,120.60001,2015,85,3.17,3.95,73.41,16.19,24.43,18.36,13.27,21.18
22.64391,120.60001,2015,86,3.63,1.45,75.31,17.49,25.69,19.25,16.33,22.1
22.64391,120.60001,2015,87,1.37,1.54,71.94,16.9,25.38,19.89,12.54,22.25
22.64391,120.60001,2015,88,0.06,1.88,66.14,16.29,28.13,18.84,19.32,23.04
22.64391,120.60001,2015,89,0.67,3.66,72.76,18.32,27.92,19.75,18.6,23.58
22.64391,120.60001,2015,90,0.27,3.19,77.25,19.3,26.37,21.32,18.75,23.6
22.64391,120.60001,2015,91,0.37,2.3,66.89,18.15,30.41,21.01,22.03,25.05
22.64391,120.60001,2015,92,0.1,3.19,64.81,17.94,30.32,21.21,21.57,25.3
22.64391,120.60001,2015,93,0.06,2.75,62.8,17.49,30.81,21.26,22.95,25.51
22.64391,120.60001,2015,94,0.05,2.7,57.59,16.01,31.45,21.37,21.91,25.87
22.64391,120.60001,2015,95,1.77,4.29,64.36,19.15,31.47,22.38,22.64,26.69
22.64391,120.60001,2015,96,18.72,3.24,76.66,21.06,28.64,23.22,7.86,25.56
22.64391,120.60001,2015,97,7.37,2.47,76.79,20.59,28.9,22.07,16.37,25.01
22.64391,120.60001,2015,98,1.47,2.7,70.14,16.92,27.17,19.56,15.54,22.76
22.64391,120.60001,2015,99,0.39,2,67.68,16.12,27.46,18.18,20.99,22.49
22.64391,120.60001,2015,100,2.8,1.39,72.6,17.99,27.38,20.14,15.76,23.24
22.64391,120.60001,2015,101,9.4,2.26,75.51,17.49,25.43,19.99,8.67,22.05
22.64391,120.60001,2015,102,3.6,1.91,73.27,17.34,26.45,19.68,18.72,22.41
22.64391,120.60001,2015,103,1.61,1.82,67.05,15.06,25.56,17.9,17.23,21.55
22.64391,120.60001,2015,104,0.15,2.53,48.25,7.3,25.19,15.13,24.04,19.8
22.64391,120.60001,2015,105,0.13,3.06,65.02,14.42,26.28,17.17,21.03,21.41
22.64391,120.60001,2015,106,0.03,2.15,61.85,15.13,28.35,18.43,23.79,23.07
22.64391,120.60001,2015,107,2.07,2.41,65.04,17.02,29.67,19.94,23.24,24.54
22.64391,120.60001,2015,108,10.15,3.69,83.37,21.43,26.76,22.61,20.73,24.49
22.64391,120.60001,2015,109,0.92,3.28,77.11,20.7,29.29,22.44,22.1,25.11
22.64391,120.60001,2015,110,1.04,3.88,76.59,20.44,28.67,22.37,21.45,24.91
22.64391,120.60001,2015,111,5.37,1.65,81.96,20.51,26.06,22.13,3.75,23.81
22.64391,120.60001,2015,112,2.72,1.63,74.73,19.22,28.14,21.31,16.49,24.03
22.64391,120.60001,2015,113,0.34,1.62,67.57,17.79,28.98,20.81,20.63,24.27
22.64391,120.60001,2015,114,0.69,1.03,72.31,19.28,28.28,22.09,19.73,24.63
22.64391,120.60001,2015,115,2.33,1.42,73.02,19.54,28.67,21.83,18.84,24.73
22.64391,120.60001,2015,116,1.2,1.89,70.51,19.12,28.79,22.11,17.89,24.9
22.64391,120.60001,2015,117,0.68,1.91,70.13,19.45,29.61,21.81,20.82,25.34
22.64391,120.60001,2015,118,2.28,2.92,75.98,20.74,28.79,22.69,20.55,25.33
22.64391,120.60001,2015,119,0.95,3.03,74.89,20.29,29.31,22.51,21.23,25.17
22.64391,120.60001,2015,120,2.13,1.13,73.17,20.47,29.77,22.93,20.32,25.73
22.64391,120.60001,2015,121,2.61,1.87,73.18,20.71,30.09,22.94,18.27,25.95
22.64391,120.60001,2015,122,0.34,3.07,71.57,20.51,30.27,22.78,22.9,26.14
22.64391,120.60001,2015,123,0.48,3.66,73.58,21.06,30.65,22.84,23.75,26.21
22.64391,120.60001,2015,124,4.11,1.53,73.28,21.18,31.11,23.62,18.41,26.41
22.64391,120.60001,2015,125,4.26,1.6,74.56,20.7,28.83,22.98,12.91,25.59
22.64391,120.60001,2015,126,1.05,2.52,69.52,20.3,30.84,23.28,22.61,26.46
22.64391,120.60001,2015,127,0.59,2.27,70.27,20.2,29.72,22.58,21.07,26.19
22.64391,120.60001,2015,128,0.43,2.66,74.11,21.73,30.07,24.39,21.4,26.76
22.64391,120.60001,2015,129,0.17,2.73,68.46,20.9,32.18,23.55,23.52,27.32
22.64391,120.60001,2015,130,11,1.76,67.35,20.78,31.89,24.37,19.99,27.53
22.64391,120.60001,2015,131,53.04,3.57,75.55,21.69,30.28,23.74,10.52,26.43
22.64391,120.60001,2015,132,16.61,2.05,79.1,21.81,29.27,23.07,12.48,25.78
22.64391,120.60001,2015,133,2.36,2.55,75.54,21.51,30.14,23.22,21.48,26.23
22.64391,120.60001,2015,134,0.37,3.3,72.97,21.21,30.8,22.78,24.26,26.55
22.64391,120.60001,2015,135,0.93,2.81,76.3,21.61,29.9,23.55,25.33,26.24
22.64391,120.60001,2015,136,0.07,2.6,71.02,20.54,31.19,22.43,25.31,26.39
22.64391,120.60001,2015,137,0.01,2.09,66.64,19.2,30.62,22.9,25.8,26.16
22.64391,120.60001,2015,138,0.09,3.06,68.47,19.72,30.68,22.09,25.34,26.17
22.64391,120.60001,2015,139,1.46,3.91,76.04,21.98,30.3,23.26,23.46,26.6
22.64391,120.60001,2015,140,17.59,3.72,80.08,22.64,28.99,24.83,18.56,26.38
22.64391,120.60001,2015,141,28.68,3.19,84.61,21.95,26.58,23.32,3.99,24.76
22.64391,120.60001,2015,142,20.37,4.24,85.25,22.67,28.15,23.35,4.25,25.37
22.64391,120.60001,2015,143,29.07,4.19,89.87,22.89,25.89,23.92,4.42,24.69
22.64391,120.60001,2015,144,39.95,4.51,91.63,23.35,25.95,24.07,3.58,24.84
22.64391,120.60001,2015,145,78.47,4.08,91.9,23.59,26.29,23.88,5.04,25.03
22.64391,120.60001,2015,146,32.41,2.62,89.31,22.45,25.69,23.23,3.61,24.34
22.64391,120.60001,2015,147,4.55,2.46,86.73,22.43,26.87,22.63,15.21,24.84
22.64391,120.60001,2015,148,13.97,3.29,89.06,23.59,27.2,24.23,17.5,25.59
22.64391,120.60001,2015,149,17.68,3.21,90.3,24.26,27.78,24.79,19.77,26.03
22.64391,120.60001,2015,150,8.87,3.74,88.38,24.08,28.18,24.51,21,26.19
22.64391,120.60001,2015,151,7.21,2.54,87.31,23.53,28.02,24.52,16.4,25.86
22.64391,120.60001,2015,152,0.58,1.76,81.57,22.72,29.01,24.17,23.76,26.21
22.64391,120.60001,2015,153,0.96,2.45,83.43,23.21,29.29,23.67,25.16,26.3
22.64391,120.60001,2015,154,0.82,2.71,83.11,23.35,28.99,24.14,24.38,26.5
22.64391,120.60001,2015,155,0.82,2.11,82.76,23.27,29.43,24.29,23.87,26.48
22.64391,120.60001,2015,156,0.35,2.76,83.33,23.16,29.21,23.5,23.44,26.29
22.64391,120.60001,2015,157,0.92,1.96,82.31,23.32,29.34,24.69,16.22,26.63
22.64391,120.60001,2015,158,0.25,1.95,77.1,22.37,30.02,23.97,25.29,26.77
22.64391,120.60001,2015,159,0.01,2.12,75.85,21.8,30.02,23.22,25.18,26.5
22.64391,120.60001,2015,160,0.24,2.71,81.51,23.4,30.22,23.73,25,26.91
22.64391,120.60001,2015,161,0.57,2.73,84.13,24.2,29.64,25.06,25.86,27.16
22.64391,120.60001,2015,162,1.18,3.07,82.48,23.68,29.75,25.06,25.56,27.01
22.64391,120.60001,2015,163,2.15,1.92,71.76,21.95,30.86,24.67,24.74,27.62
22.64391,120.60001,2015,164,1.04,2.41,78.26,23.15,30.43,24.45,25.53,27.36
22.64391,120.60001,2015,165,0.69,2.86,78.91,23.14,30.29,24.57,24.2,27.16
22.64391,120.60001,2015,166,0.14,2.55,76.25,22.76,30.86,24.57,25.3,27.37
22.64391,120.60001,2015,167,0.03,2.48,76.49,22.63,30.74,24.34,24.62,27.2
22.64391,120.60001,2015,168,0.1,2.62,78.98,23.16,30.76,24,26.03,27.23
22.64391,120.60001,2015,169,0.1,3.1,77.79,23.2,31.08,24.38,25.38,27.5
22.64391,120.60001,2015,170,0.7,2.41,77.1,23.21,30.95,25.31,25.38,27.66
22.64391,120.60001,2015,171,0.45,2.06,76.43,23.24,31.36,24.76,24.68,27.86
22.64391,120.60001,2015,172,3.13,3.39,75.75,23.23,31.65,25.09,24.91,27.97
22.64391,120.60001,2015,173,6.38,3.92,77.49,23.11,30.66,25.22,19.47,27.46
22.64391,120.60001,2015,174,29.84,3.57,86.6,24.11,28.35,25.27,15.49,26.58
22.64391,120.60001,2015,175,8.16,3.14,85,24.11,28.97,25.13,22.86,26.89
22.64391,120.60001,2015,176,2.87,3.43,84.71,24.33,29.39,25.09,23.36,27.17
22.64391,120.60001,2015,177,0.98,3.48,84.3,24.47,29.62,25.63,23.98,27.4
22.64391,120.60001,2015,178,0.98,3.66,83.6,24.45,29.78,25.57,25.69,27.51
22.64391,120.60001,2015,179,0.42,3.39,83.47,23.93,28.94,24.97,23.09,27.02
22.64391,120.60001,2015,180,0.28,3.25,81.69,23.73,29.97,24.5,22.75,27.21
22.64391,120.60001,2015,181,0.8,4.26,81.72,24.36,30.65,25.55,22.35,27.81
22.64391,120.60001,2015,182,1.52,4.6,81.84,24.55,30.7,25.86,17.71,27.97
22.64391,120.60001,2015,183,1.52,4.03,80.9,24.22,30.66,25.87,23.18,27.83
22.64391,120.60001,2015,184,0.21,2.72,77.83,23.78,31.25,25.2,24.33,28.07
22.64391,120.60001,2015,185,0.96,1.06,72.43,23.23,32.36,25.19,24.09,28.77
22.64391,120.60001,2015,186,7.89,1.74,79.02,24.35,31.29,26.5,18.1,28.39
22.64391,120.60001,2015,187,14.02,2.86,79.61,24.12,30.64,26.14,14.79,28.01
22.64391,120.60001,2015,188,18.83,5.23,79.08,23.47,30.63,25.56,7.08,27.45
22.64391,120.60001,2015,189,63.86,6.51,86.47,24.38,28.47,25.75,5.06,26.85
22.64391,120.60001,2015,190,10.64,2.43,85.16,24.26,29.52,25.47,21.35,26.98
22.64391,120.60001,2015,191,5.05,5.28,86.42,24.51,29.6,25.44,20.29,26.99
22.64391,120.60001,2015,192,3.78,6.86,86.42,24.05,28.18,25.43,19.79,26.53
22.64391,120.60001,2015,193,2.31,4.32,86.72,24.09,28.17,25.32,19.35,26.52
22.64391,120.60001,2015,194,18.99,3.01,86.79,24.13,28.69,25.07,23.77,26.55
22.64391,120.60001,2015,195,5.53,2.04,83.47,23.78,29.49,24.9,22.65,26.85
22.64391,120.60001,2015,196,4.02,3.16,83.97,23.86,29.64,24.69,22.96,26.84
22.64391,120.60001,2015,197,5.62,2.74,85.59,24.5,29.87,25.08,21.25,27.15
22.64391,120.60001,2015,198,3.13,1.75,83.47,24.21,29.74,25.39,23.21,27.28
22.64391,120.60001,2015,199,13.21,3.51,83.03,24.32,30.52,25.48,16.29,27.49
22.64391,120.60001,2015,200,47.89,6.53,87.64,23.57,27.3,24.89,9.27,25.8
22.64391,120.60001,2015,201,17,5.39,85.84,23.26,27.72,24.39,9.04,25.84
22.64391,120.60001,2015,202,2.35,3.99,83.71,23.04,28.69,24.16,23.32,26.08
22.64391,120.60001,2015,203,10.15,3.26,85.87,22.99,28.02,23.79,19.19,25.59
22.64391,120.60001,2015,204,1.5,2.37,81.86,22.72,29.33,23.68,19.01,26.1
22.64391,120.60001,2015,205,0.45,2.11,78.91,21.76,28.91,22.99,23.22,25.8
22.64391,120.60001,2015,206,0.95,2.69,81.47,22.81,29.58,23.44,23.49,26.34
22.64391,120.60001,2015,207,1.45,2.88,82.79,23.46,29.41,24.46,23.95,26.67
22.64391,120.60001,2015,208,10.26,2.22,84.55,23.09,28.09,24.24,24.23,25.95
22.64391,120.60001,2015,209,5.16,1.83,82.31,22.31,27.92,23.71,19.18,25.58
22.64391,120.60001,2015,210,0.5,1.34,80.07,21.64,27.87,23.41,24.46,25.42
22.64391,120.60001,2015,211,0.17,1.74,76.38,21.64,29.81,22.9,25.19,26.23
22.64391,120.60001,2015,212,0.02,1.44,74.54,21.75,30.49,23.8,25.85,26.72
22.64391,120.60001,2015,213,0.04,1.08,76.14,22.35,30.46,23.71,25.58,26.96
22.64391,120.60001,2015,214,0.18,1.55,75.48,22.37,30.69,23.75,24.57,27.15
22.64391,120.60001,2015,215,0.2,1.2,75.52,22.58,30.65,24.61,24.07,27.33
22.64391,120.60001,2015,216,0.68,0.9,77.79,22.87,30.29,24.89,24.36,27.1
22.64391,120.60001,2015,217,3.07,0.97,77.85,22.35,29.77,24.5,22.7,26.55
22.64391,120.60001,2015,218,0.74,1.81,75.77,22.55,30.56,24.02,23.09,27.3
22.64391,120.60001,2015,219,15,5.18,76.07,23.49,32.21,25.12,18.3,28.21
22.64391,120.60001,2015,220,113.08,14.74,88.64,24.04,26.53,25.69,1.55,26.08
22.64391,120.60001,2015,221,18.9,5.92,90.35,24.91,28.05,25.54,12.85,26.65
22.64391,120.60001,2015,222,3.37,3.03,84.77,23.79,29.12,24.66,22.4,26.62
22.64391,120.60001,2015,223,0.9,2.49,83.7,23.55,29.35,24.28,24.81,26.6
22.64391,120.60001,2015,224,6.57,3.04,88.13,24.22,28.39,24.78,23.15,26.39
22.64391,120.60001,2015,225,5.13,3.06,87.83,23.97,28.1,24.82,14.94,26.18
22.64391,120.60001,2015,226,6.89,3.03,86.82,23.44,27.96,24.39,22.83,25.84
22.64391,120.60001,2015,227,9.84,2.43,88.11,23.48,27.14,24.31,21.23,25.65
22.64391,120.60001,2015,228,7.79,3.08,85.69,23.41,28.41,24.06,20,26.07
22.64391,120.60001,2015,229,9.72,2.27,85.73,23.48,27.97,24.35,8.63,26.14
22.64391,120.60001,2015,230,4.26,1.16,83.7,23.4,28.67,24.92,16.49,26.44
22.64391,120.60001,2015,231,1.9,0.84,82.27,23.59,29.55,24.86,19.07,26.9
22.64391,120.60001,2015,232,2.85,1.97,81.04,24,31.32,24.92,18.61,27.62
22.64391,120.60001,2015,233,10.64,4.64,76.53,23.46,31.4,25.19,15.62,28.03
22.64391,120.60001,2015,234,19.09,3.86,79.54,23.96,30.61,25.51,9.97,27.88
22.64391,120.60001,2015,235,8.77,5.81,89.45,25.19,28.88,25.69,14.31,27.1
22.64391,120.60001,2015,236,15,4.49,87.72,24.12,27.73,24.94,16.15,26.35
22.64391,120.60001,2015,237,11.36,4.42,87.13,24.43,28.87,25.43,15.76,26.78
22.64391,120.60001,2015,238,32.39,2.62,89.25,23.64,26.69,24.72,15.05,25.56
22.64391,120.60001,2015,239,25.68,3.35,90.29,23.65,26.8,24.35,7.76,25.39
22.64391,120.60001,2015,240,10.88,2.79,88.11,22.84,26.69,23.72,3.26,25.01
22.64391,120.60001,2015,241,31.73,4.18,86.81,22.67,26.61,23.69,3.58,25.06
22.64391,120.60001,2015,242,20.88,3.74,88.84,23.05,26.36,24.11,3.19,25.06
22.64391,120.60001,2015,243,17.66,2.06,88.27,22.64,26.17,23.56,4.12,24.79
22.64391,120.60001,2015,244,3.15,1.66,86.22,22.47,27.01,23.29,19.33,25.06
22.64391,120.60001,2015,245,3.54,1.21,84.94,22.85,27.77,23.73,22.32,25.64
22.64391,120.60001,2015,246,2.14,1.51,81.58,22.96,29.52,23.91,19.41,26.43
22.64391,120.60001,2015,247,1.38,1.02,82.66,23.29,29.38,24.36,21.83,26.51
22.64391,120.60001,2015,248,1.26,1.73,84.94,23.41,28.48,24.34,22.09,26.17
22.64391,120.60001,2015,249,4.42,3.11,87.24,23.88,28.8,23.98,22.76,26.23
22.64391,120.60001,2015,250,21.75,1.74,89.49,23.95,27.59,24.54,4.2,25.86
22.64391,120.60001,2015,251,7.71,1.42,83.99,22.78,27.75,24.28,9.84,25.71
22.64391,120.60001,2015,252,1.81,1.29,83.17,22.44,28.15,23.86,17.63,25.53
22.64391,120.60001,2015,253,0.86,1.1,79.18,21.18,27.47,23.27,22.14,25.06
22.64391,120.60001,2015,254,0.21,1.28,78.84,20.84,27.64,23.11,20.98,24.79
22.64391,120.60001,2015,255,0.44,1.3,78.45,20.97,27.86,22.87,22.05,25.01
22.64391,120.60001,2015,256,0.27,3.22,76.82,20.89,28.45,22.89,22.51,25.3
22.64391,120.60001,2015,257,1.67,2.96,80.32,21.87,29.12,22.03,19.43,25.63
22.64391,120.60001,2015,258,0.36,1.41,81.07,22.69,29.13,23.75,22.82,26.24
22.64391,120.60001,2015,259,1.91,0.8,80.6,22.62,29.32,24.03,19.66,26.25
22.64391,120.60001,2015,260,1.19,0.81,84.8,22.81,28.17,23.59,18.07,25.57
22.64391,120.60001,2015,261,0.36,1.36,76.7,21.29,28.47,23.67,18.25,25.72
22.64391,120.60001,2015,262,0.14,0.96,76.02,20.64,28.25,22.97,18.28,25.19
22.64391,120.60001,2015,263,0.37,1.37,79.34,21.57,28.93,23.2,15.24,25.43
22.64391,120.60001,2015,264,5.93,1.65,81.44,22.28,28.9,23.3,15.17,25.72
22.64391,120.60001,2015,265,1.93,0.98,81.8,22.7,29.08,23.87,19.84,26.07
22.64391,120.60001,2015,266,0.25,1.46,80.37,22.66,29.7,23.74,19.71,26.33
22.64391,120.60001,2015,267,1.45,1.63,82.58,23.3,29.9,23.63,20.81,26.59
22.64391,120.60001,2015,268,2.94,1.14,84.37,23.43,28.69,24.67,14.98,26.3
22.64391,120.60001,2015,269,3.35,1.59,82.95,22.82,28.64,24.16,16.43,25.95
22.64391,120.60001,2015,270,1.45,2.1,82.74,21.93,28.26,23.17,14.25,25.09
22.64391,120.60001,2015,271,50.79,7.72,90.79,23.21,26.07,23.17,3.7,24.86
22.64391,120.60001,2015,272,45.99,6.42,88.93,23.53,27.01,24.47,6.1,25.52
22.64391,120.60001,2015,273,5.05,3.15,87.68,23.52,28.04,24.42,15.49,25.77
22.64391,120.60001,2015,274,0.65,2.06,82.5,23.05,29.44,23.76,20.64,26.31
22.64391,120.60001,2015,275,1.23,2.94,84.22,22.5,27.23,23.98,16.23,25.41
22.64391,120.60001,2015,276,1.67,3.67,84.01,22.98,28.96,23.64,19.39,25.95
22.64391,120.60001,2015,277,0.46,2.47,80.14,22.58,29.75,23.75,18.74,26.33
22.64391,120.60001,2015,278,0.35,1.53,80.31,22.67,29.79,23.91,20.3,26.39
22.64391,120.60001,2015,279,0.91,1.83,83.54,22.82,28.25,24.38,16.27,25.84
22.64391,120.60001,2015,280,0.46,1.14,84.4,22.15,26.99,23.66,17.45,25
22.64391,120.60001,2015,281,4.91,2.14,82.74,21.83,27.89,22.72,18.81,25.03
22.64391,120.60001,2015,282,7.68,2.03,84.08,22.26,27.78,23.44,14.62,25.18
22.64391,120.60001,2015,283,6.18,1.43,82.88,21.54,27.38,22.98,15.99,24.68
22.64391,120.60001,2015,284,1.84,2.71,78.91,20.52,27.4,22.52,16.48,24.45
22.64391,120.60001,2015,285,0.91,3.48,76.94,19.3,25.84,21.89,13.54,23.61
22.64391,120.60001,2015,286,0.2,3.03,75.93,19.05,27.21,20.82,11.87,23.59
22.64391,120.60001,2015,287,0.62,2.03,75.65,18.94,27.16,20.93,17.58,23.53
22.64391,120.60001,2015,288,0.63,1.68,75.84,19.08,27.3,21.03,18.74,23.63
22.64391,120.60001,2015,289,0.11,3.19,74.57,19.46,28.53,21.39,17.17,24.32
22.64391,120.60001,2015,290,0.08,4.11,71.55,18.63,28.24,20.68,17.21,24.17
22.64391,120.60001,2015,291,2.19,4.63,79.94,21.23,28.78,21.99,13.12,25.01
22.64391,120.60001,2015,292,2.07,5.34,80.42,21.15,27.38,23.07,10.63,24.78
22.64391,120.60001,2015,293,10.3,5.01,82.69,21.67,27.93,22.89,4.09,24.86
22.64391,120.60001,2015,294,9.18,4.96,79.21,20.69,27.07,22.92,6.24,24.58
22.64391,120.60001,2015,295,1.53,2.92,74.47,19.85,28.27,22.15,10.08,24.79
22.64391,120.60001,2015,296,0.72,1.26,83.8,21.58,27.47,22.31,14.47,24.53
22.64391,120.60001,2015,297,0.94,0.98,85.79,22.45,27.9,23.27,14.32,25.02
22.64391,120.60001,2015,298,0.81,2.26,82.31,21.95,28.42,23.18,12.1,25.21
22.64391,120.60001,2015,299,0.14,1.57,78.9,20.38,27.46,22.39,11.41,24.3
22.64391,120.60001,2015,300,0.02,1.04,77.37,19.96,27.56,21.88,15.39,24.21
22.64391,120.60001,2015,301,0.39,1.75,77.97,20.38,27.99,21.83,16.99,24.52
22.64391,120.60001,2015,302,0.62,1.62,79.86,20.75,27.59,22.64,16.47,24.47
22.64391,120.60001,2015,303,0.26,1.4,78.84,20.57,27.75,21.95,16.86,24.52
22.64391,120.60001,2015,304,3.44,2.46,80.48,20.66,27.43,22.32,15.21,24.25
22.64391,120.60001,2015,305,3.51,1.51,82.62,20.68,27.15,22.2,13.63,23.84
22.64391,120.60001,2015,306,2.04,2.41,81.9,20.27,26.86,21.45,11.78,23.58
22.64391,120.60001,2015,307,0.87,2.8,78.81,20.14,27.78,21.3,16.07,24.13
22.64391,120.60001,2015,308,3.31,1.24,82.6,21.76,28.06,23.06,16.9,24.97
22.64391,120.60001,2015,309,0.61,1.77,81.9,21.69,28.2,22.88,13.31,25.05
22.64391,120.60001,2015,310,0.42,2.71,79.81,21.39,28.82,22.49,17.13,25.19
22.64391,120.60001,2015,311,0.13,1.92,79.26,21.34,29.01,22.47,17.29,25.23
22.64391,120.60001,2015,312,0.08,1.51,78.5,21.41,29.22,22.84,17.1,25.48
22.64391,120.60001,2015,313,0.56,1.02,77.08,21.27,29,23.42,17.01,25.62
22.64391,120.60001,2015,314,2.34,3.6,77.49,19.97,27.49,21.83,13.94,24.19
22.64391,120.60001,2015,315,0.5,3.28,76.39,19.32,27.76,20.92,11.75,23.77
22.64391,120.60001,2015,316,0.83,2.6,79.86,20.69,28.18,21.71,14.56,24.46
22.64391,120.60001,2015,317,0.61,1.43,79.82,20.85,28.05,22.56,16.58,24.61
22.64391,120.60001,2015,318,1.69,1.39,79.22,20.67,27.88,21.96,14.6,24.56
22.64391,120.60001,2015,319,1.93,1.95,82.27,21.33,27.06,22.88,14.46,24.59
22.64391,120.60001,2015,320,0.06,2.34,76.08,20.31,28.83,21.96,16.44,24.88
22.64391,120.60001,2015,321,0.08,2.7,77.75,21.07,29.16,22.53,16.7,25.29
22.64391,120.60001,2015,322,0.11,1.54,78.25,21.22,29.49,22.38,16.8,25.36
22.64391,120.60001,2015,323,1.51,1.69,79.74,21.38,28.43,23.19,12.25,25.17
22.64391,120.60001,2015,324,8.06,2.83,80.84,21.34,27.87,23.2,13.29,24.89
22.64391,120.60001,2015,325,3.9,3.45,78.24,20.65,27.85,22.83,10.4,24.73
22.64391,120.60001,2015,326,0.32,2.42,73.52,19.51,28.04,22.25,15.94,24.6
22.64391,120.60001,2015,327,0.48,1.91,76.23,20.09,28.29,22.22,15.91,24.59
22.64391,120.60001,2015,328,0.13,2.42,74.7,19.09,27.59,21.28,12.8,23.91
22.64391,120.60001,2015,329,1.67,2.04,78.62,18.93,26.19,20.65,15.18,22.89
22.64391,120.60001,2015,330,0.75,3.68,74.14,14.75,22.2,16.3,10.61,19.61
22.64391,120.60001,2015,331,0.07,3.91,73.01,13.03,21.23,15.11,13.06,18.06
22.64391,120.60001,2015,332,0.21,2.72,72.19,15.84,25.14,17.93,13.62,21.14
22.64391,120.60001,2015,333,0.41,1.2,75.12,18.04,26.46,20.32,13.75,22.75
22.64391,120.60001,2015,334,0.39,1.13,75.08,18.09,26.43,20.34,14.47,22.79
22.64391,120.60001,2015,335,0.29,1.09,72.41,17.3,26.65,19.46,14.11,22.6
22.64391,120.60001,2015,336,0.08,1.95,67.35,15.9,27.08,19.26,15.35,22.46
22.64391,120.60001,2015,337,0.63,2.94,75.03,17.35,25.33,19.31,11.89,22.05
22.64391,120.60001,2015,338,0.85,4.18,71.17,15.59,25.09,18.15,12.77,21.06
22.64391,120.60001,2015,339,3.51,4.15,79.96,18.35,26,18.87,8.49,22.09
22.64391,120.60001,2015,340,3.39,1.51,80.97,19.06,26.77,20.09,10.43,22.56
22.64391,120.60001,2015,341,2.12,2.76,77.83,17.13,24.08,19.19,7.8,21.18
22.64391,120.60001,2015,342,0.84,4.84,75.13,17.19,25.95,19.33,13.38,21.85
22.64391,120.60001,2015,343,11.83,5.61,81.59,19.21,26.09,19.7,6.97,22.66
22.64391,120.60001,2015,344,15.31,3.65,89.02,19.97,23.87,18.65,7.06,21.98
22.64391,120.60001,2015,345,2.59,2.11,77.6,16.79,24.93,18.03,13.76,20.91
22.64391,120.60001,2015,346,1.2,2.09,75.48,17.01,25.53,18.42,11.16,21.6
22.64391,120.60001,2015,347,1.72,2.11,77.54,18.26,26.62,19.57,14.3,22.48
22.64391,120.60001,2015,348,0.78,1.3,77.57,18.93,27.7,20.1,14.45,23.16
22.64391,120.60001,2015,349,0.42,2.34,77.67,17.52,25.89,18.55,11.65,21.64
22.64391,120.60001,2015,350,3.18,3.29,78.41,14.36,20.83,15.63,7.65,18.26
22.64391,120.60001,2015,351,1.62,3.27,75.95,11.22,17.56,13.69,11.77,15.53
22.64391,120.60001,2015,352,0.06,2.91,73.36,11.83,21,13.02,14.37,16.76
22.64391,120.60001,2015,353,0.09,3.91,72.67,14.06,23.45,15.75,15.06,19.19
22.64391,120.60001,2015,354,0.13,2.76,71.84,15.12,24.01,17.24,7.27,20.43
22.64391,120.60001,2015,355,0.55,2.52,75.9,17.53,25.69,19.64,14.33,22.04
22.64391,120.60001,2015,356,0.14,2.7,78.4,18.86,26.96,19.98,14.12,22.86
22.64391,120.60001,2015,357,0.05,1.58,79.52,19.29,27.1,20.37,13.95,23.1
22.64391,120.60001,2015,358,0.5,1.88,83.5,19.84,26.75,20.37,12.96,22.83
22.64391,120.60001,2015,359,0.68,1.92,81.23,18.3,26.11,18.8,10,21.71
22.64391,120.60001,2015,360,0.46,1.78,78.18,16.88,24.43,18.71,11.74,20.85
22.64391,120.60001,2015,361,0.62,2.07,78.01,16.91,24.93,18.68,13.95,20.96
22.64391,120.60001,2015,362,0.15,2.96,75.53,15.11,23.46,17.05,12.87,19.6
22.64391,120.60001,2015,363,0.07,2.68,71.79,13.88,23.41,15.94,13.84,19.15
22.64391,120.60001,2015,364,0.25,1.5,74.47,15.04,23.5,17.26,13.94,19.77
22.64391,120.60001,2015,365,0.63,3.19,75.28,15.3,23.79,17.07,14.27,19.88
22.64391,120.60001,2016,1,0.79,3.63,74.93,15.37,24.48,16.54,14.38,20.09
22.64391,120.60001,2016,2,21.18,2.04,82.42,18.21,25.53,19.55,4.11,21.39
22.64391,120.60001,2016,3,26.95,1.67,88.76,20.16,24.92,20.15,4.37,22.16
22.64391,120.60001,2016,4,8.43,1.04,85.8,20.62,25.88,21.26,11.14,23.18
22.64391,120.60001,2016,5,2.36,1.69,84.61,20.89,26.53,21.9,14.03,23.68
22.64391,120.60001,2016,6,4.33,2.58,83.78,19.11,25.34,18.77,10.13,22.07
22.64391,120.60001,2016,7,2.87,1.88,78.32,16.16,23.35,18.31,10.18,20.08
22.64391,120.60001,2016,8,7.27,2.23,82.83,16.26,22.17,17.35,11.34,19.31
22.64391,120.60001,2016,9,0.37,2.27,76.1,14.85,22.63,17.03,14.66,19.22
22.64391,120.60001,2016,10,3.65,2.39,77.22,16.34,23.67,17.82,8.75,20.58
22.64391,120.60001,2016,11,4.01,1.92,83.43,18.07,23.62,19.13,8.32,21.06
22.64391,120.60001,2016,12,7.28,3.12,84.28,16.4,21.32,17.62,10.26,19.17
22.64391,120.60001,2016,13,6.58,2.48,86.81,15.76,20.48,16.43,4.43,18.05
22.64391,120.60001,2016,14,0.18,1.15,77.22,14.15,21.88,15.6,8.76,18.3
22.64391,120.60001,2016,15,4.53,1.37,77.9,15.26,22.99,17.08,3.15,19.31
22.64391,120.60001,2016,16,2.25,2.76,80.16,16.64,23.31,17.94,13.24,20.25
22.64391,120.60001,2016,17,8.85,3.9,85.92,18.53,25.11,18.15,4.77,21.1
22.64391,120.60001,2016,18,0.61,2.57,80.03,14.5,21.53,15.45,12.6,18.08
22.64391,120.60001,2016,19,2.57,2.89,79.75,14.36,21.5,15.34,9.45,18
22.64391,120.60001,2016,20,1.99,3.56,80.55,15.75,21.71,16.96,10.2,19.27
22.64391,120.60001,2016,21,3.99,2.79,87.63,17.79,22.83,17.82,10.33,20.01
22.64391,120.60001,2016,22,3.05,1.85,82.34,17.05,23.96,17.94,12.47,20.2
22.64391,120.60001,2016,23,12.58,4.09,84.97,13.64,18.47,12.64,3.8,16.37
22.64391,120.60001,2016,24,7.17,4.3,84.54,7.28,12.45,8.17,1.94,10.15
22.64391,120.60001,2016,25,0.88,3.08,82.62,7.94,14.01,7.86,9.98,11.09
22.64391,120.60001,2016,26,0.42,3.29,78.56,11.34,18.52,11.72,15.34,15.22
22.64391,120.60001,2016,27,0.88,4.33,79.62,14.55,21.38,15.18,6.27,18.24
22.64391,120.60001,2016,28,14.91,3.76,84.95,17.55,23.31,18.03,10.25,20.24
22.64391,120.60001,2016,29,19.22,2.86,89.18,19.2,24.13,18.74,4.92,21.14
22.64391,120.60001,2016,30,10.68,1.71,86.58,18.09,22.95,18.26,6.97,20.45
22.64391,120.60001,2016,31,0.35,3.96,79.25,16.07,23.73,17.15,16.24,19.82
22.64391,120.60001,2016,32,2.72,3,83.5,16.46,23.11,16.43,12.09,19.4
22.64391,120.60001,2016,33,1.95,2.95,84.45,14.16,19.16,15.4,7.29,16.83
22.64391,120.60001,2016,34,2.28,2.55,82.93,14.58,20.36,15.55,13.8,17.56
22.64391,120.60001,2016,35,6.66,1.98,83.58,15.91,21.65,16.16,15.22,18.82
22.64391,120.60001,2016,36,2.76,3.07,81.47,15.04,22.35,15.39,13.13,18.34
22.64391,120.60001,2016,37,0.34,3.42,78.55,11.05,18.1,11.65,8.79,14.9
22.64391,120.60001,2016,38,0.02,2.6,72.31,8.38,17.65,10.57,16.91,13.47
22.64391,120.60001,2016,39,0,2.76,67.95,7.96,18.78,9.7,17.69,14.12
22.64391,120.60001,2016,40,0.01,2.86,73.51,11.23,20.5,12.12,16.01,16.12
22.64391,120.60001,2016,41,1.08,3.57,79.23,14.67,21.93,15.13,9.67,18.44
22.64391,120.60001,2016,42,8.77,3.8,88.47,18.16,22.87,17.87,12.4,20.21
22.64391,120.60001,2016,43,3.92,3,86.77,19.32,25.06,19.06,15.81,21.71
22.64391,120.60001,2016,44,0.47,2.24,79.81,18.05,25.56,19.17,18.65,21.8
22.64391,120.60001,2016,45,1.46,2.62,80.88,17.23,25.05,17.52,17.38,20.75
22.64391,120.60001,2016,46,0.95,2.56,84.25,13.32,18.12,14.14,4.61,16.05
22.64391,120.60001,2016,47,0.86,2.03,82.62,12.26,17.24,13.79,3.46,15.26
22.64391,120.60001,2016,48,1.6,1.86,81.75,14.19,20.31,14.63,13.81,17.42
22.64391,120.60001,2016,49,1.23,1.2,79.79,14.86,21.89,16.13,17.16,18.47
22.64391,120.60001,2016,50,1.52,2.16,73.44,14.42,24.02,16.68,18.34,19.42
22.64391,120.60001,2016,51,1.02,2.71,79.92,14.46,21.22,15.94,8.31,18.05
22.64391,120.60001,2016,52,0.08,4.87,74.43,12.94,21.2,14.61,13.47,17.6
22.64391,120.60001,2016,53,0.95,2.8,82.39,16.9,23.76,16.55,15.69,20.13
22.64391,120.60001,2016,54,1.31,1.84,82.96,17.45,23.78,17.93,12.56,20.5
22.64391,120.60001,2016,55,0.43,3.55,80.5,14.5,20.61,15.62,6.95,17.94
22.64391,120.60001,2016,56,0.27,4.08,76.86,13.55,20.9,15.25,10.33,17.72
22.64391,120.60001,2016,57,0.98,2.78,78.99,14.73,21.24,16.75,16.08,18.47
22.64391,120.60001,2016,58,0.92,1.42,77.26,15.36,23.53,16.47,19.35,19.48
22.64391,120.60001,2016,59,0.91,1.73,77.44,15.98,24.08,17.17,18.04,20.11
22.64391,120.60001,2016,60,0.79,3.37,74.62,14.38,22.74,14.91,16.84,19.08
22.64391,120.60001,2016,61,0.06,3.31,69.99,11.28,21.24,13.53,16.93,16.85
22.64391,120.60001,2016,62,0.04,2.91,71.35,11.78,21.25,13.61,18.22,17.09
22.64391,120.60001,2016,63,0.26,2.6,74.64,13.77,22.73,14.44,11.39,18.46
22.64391,120.60001,2016,64,1.8,2.33,82.66,16.8,22.07,17.68,10.16,19.92
22.64391,120.60001,2016,65,2.6,1.46,78.07,17.55,25.24,18.88,14.5,21.59
22.64391,120.60001,2016,66,0.13,1.18,72.85,17,26.54,18.89,16.95,22.16
22.64391,120.60001,2016,67,0.48,1.47,77.38,17.64,24.66,19.64,15.59,21.84
22.64391,120.60001,2016,68,0.24,2.86,78.7,17.8,26.08,18.26,18.96,21.82
22.64391,120.60001,2016,69,5.01,2.31,81.48,18.31,26.1,19.1,17.01,21.74
22.64391,120.60001,2016,70,8.88,2.6,79.59,15.46,22.51,15.75,6.39,19.14
22.64391,120.60001,2016,71,16.68,2.67,82.63,13.53,18.92,15.03,4.66,16.53
22.64391,120.60001,2016,72,1.69,2.5,80.13,15,22.37,15.57,14.26,18.57
22.64391,120.60001,2016,73,8.86,3.95,84.45,18.77,24.94,17.88,4.11,21.65
22.64391,120.60001,2016,74,5.19,2.97,83.27,16.14,21.6,16.72,5.14,19.1
22.64391,120.60001,2016,75,4.85,2.76,81.77,14.69,19.6,16.12,5.98,17.89
22.64391,120.60001,2016,76,1.42,1.12,80.29,16.99,24.39,17.01,15.8,20.58
22.64391,120.60001,2016,77,1.52,2.16,82.19,19.16,25.14,19.94,16.71,22.39
22.64391,120.60001,2016,78,4.81,2.82,86.23,20.47,26.4,20.2,19.21,22.96
22.64391,120.60001,2016,79,1.26,2.55,81.29,19.76,27.24,20.47,17.75,23.2
22.64391,120.60001,2016,80,3.99,2.12,80.59,18.62,25.21,19.91,11.6,22.14
22.64391,120.60001,2016,81,8.52,2.25,80.24,17.31,23.92,18.89,12.75,20.86
22.64391,120.60001,2016,82,1.62,1.5,78.67,17.58,24.78,18.45,13.82,21.48
22.64391,120.60001,2016,83,11.91,1.91,83.3,18.72,24.92,19.74,11.32,21.73
22.64391,120.60001,2016,84,16.7,2.75,84.23,15.87,20.79,16.23,3.97,18.65
22.64391,120.60001,2016,85,12.83,1.82,85.31,13.63,18.5,14.81,4.74,16.15
22.64391,120.60001,2016,86,1.41,2.28,75.24,12.26,20.46,13.98,19.13,16.73
22.64391,120.60001,2016,87,0.32,1.89,67.28,10.53,20.83,13.93,20.28,16.77
22.64391,120.60001,2016,88,0.09,2.89,68.95,11.02,20.99,13.1,21.52,16.86
22.64391,120.60001,2016,89,0.01,2.36,71.09,13.21,22.82,14.38,19.34,18.67
22.64391,120.60001,2016,90,0.13,1.66,74.34,16.55,25.57,17.18,19.8,21.43
22.64391,120.60001,2016,91,1.89,2.23,83.56,19.72,26.32,20.17,15.29,22.71
22.64391,120.60001,2016,92,1.05,1.23,76.87,18.44,26.59,19.46,12.63,22.82
22.64391,120.60001,2016,93,0.27,1.71,78.58,19.02,26.78,20.4,18.89,22.98
22.64391,120.60001,2016,94,1.23,2.07,84.71,20.46,26.85,20.44,18.54,23.26
22.64391,120.60001,2016,95,0.06,1.9,77.26,18.73,26.09,20.08,18.23,23.05
22.64391,120.60001,2016,96,0.14,1.24,68.58,17.82,28.26,20.56,20.34,24.1
22.64391,120.60001,2016,97,0.61,3.29,77.08,19.9,28.62,20.78,22.48,24.37
22.64391,120.60001,2016,98,1.19,2.98,80.56,21.31,28.85,21.81,22,24.98
22.64391,120.60001,2016,99,0.5,1.81,74.88,20.04,29.37,21.58,23.05,24.92
22.64391,120.60001,2016,100,0.19,1.91,71.59,18.96,29.01,20.88,22.26,24.58
22.64391,120.60001,2016,101,7.99,2.37,75.93,19.58,27.97,21.23,16.57,24.21
22.64391,120.60001,2016,102,12.34,1.26,80.12,19.91,26.45,20.98,9.43,23.58
22.64391,120.60001,2016,103,9.68,1.95,78.21,20.01,27.29,21.93,20.19,24.1
22.64391,120.60001,2016,104,12.79,4.03,87.04,21.31,26.19,22.11,9.61,23.64
22.64391,120.60001,2016,105,24.32,1.89,82.67,21.31,27.93,22.16,9.24,24.5
22.64391,120.60001,2016,106,13.31,1.62,82.26,21.26,27.78,22.05,16.63,24.52
22.64391,120.60001,2016,107,0.26,2.57,79.73,20.32,28.02,21.01,23.15,24.24
22.64391,120.60001,2016,108,2.74,1.18,78.5,21.33,29.49,21.95,22.31,25.42
22.64391,120.60001,2016,109,2.83,2.37,82.44,21.3,28.21,21.94,19.75,24.56
22.64391,120.60001,2016,110,0.28,2.37,78.6,20.08,26.89,21.89,19.73,24.06
22.64391,120.60001,2016,111,2.18,3.65,80.49,21.28,28.39,22.13,19.96,24.93
22.64391,120.60001,2016,112,2.1,2.82,85.19,22.42,27.93,23.09,21.2,25.16
22.64391,120.60001,2016,113,1.15,2.01,77.61,21.01,29.11,22.71,22.74,25.32
22.64391,120.60001,2016,114,3.02,2.25,75.8,20.31,28.78,21.95,21.35,25.07
22.64391,120.60001,2016,115,5.05,1.66,75.77,20.35,28.59,22.72,10.05,25.06
22.64391,120.60001,2016,116,0.98,1.69,77.23,20.56,28.29,22.28,14.79,24.92
22.64391,120.60001,2016,117,1.36,1.68,70.09,19.54,29.6,21.89,21.34,25.54
22.64391,120.60001,2016,118,5.97,2.65,77.37,20.03,27.45,22.07,14.46,24.36
22.64391,120.60001,2016,119,14.2,2.03,80.36,21.1,28.47,21.88,11.03,24.79
22.64391,120.60001,2016,120,2.66,2.75,76.56,18.64,25.84,20.9,17.45,23.01
22.64391,120.60001,2016,121,3.3,1.86,72.87,18.26,27.3,20.11,17.71,23.44
22.64391,120.60001,2016,122,1.16,2.52,77.73,20.46,28.21,21.39,14.88,24.69
22.64391,120.60001,2016,123,1.93,2.56,81.01,22.13,29.03,23.17,19.87,25.7
22.64391,120.60001,2016,124,0.78,2.76,78.9,21.34,28.68,22.44,23.83,25.37
22.64391,120.60001,2016,125,0.98,1.37,80.77,22.26,28.89,23.51,22.31,25.87
22.64391,120.60001,2016,126,0.81,2.81,81.15,21.83,27.8,23.55,24.14,25.38
22.64391,120.60001,2016,127,0.79,2.28,77.05,21.54,29.34,23.34,24.88,26.07
22.64391,120.60001,2016,128,2.05,1.85,76.13,21.36,28.92,23.7,23.23,26.16
22.64391,120.60001,2016,129,1.62,3.07,76.8,21.66,29.79,23,22.04,26.17
22.64391,120.60001,2016,130,2.84,3.12,77.07,21.84,30.21,23.2,23.65,26.31
22.64391,120.60001,2016,131,7.35,3.21,80,22.33,29.53,23.75,20.84,26.16
22.64391,120.60001,2016,132,9.39,1.8,78.51,21.53,28.82,23,3.32,25.61
22.64391,120.60001,2016,133,0.85,2.13,74.81,20.93,29.5,22.05,12.47,25.79
22.64391,120.60001,2016,134,4.98,1.99,79.31,22.42,29.56,24.19,19.43,26.34
22.64391,120.60001,2016,135,4.11,2.39,77.02,21.92,30,23.64,22.05,26.31
22.64391,120.60001,2016,136,1.3,1.69,77.77,21.94,29.23,23.92,21.85,26.17
22.64391,120.60001,2016,137,4.56,1.72,79.61,21.59,28.61,22.81,15.64,25.43
22.64391,120.60001,2016,138,1.12,1.9,75.3,20.22,28,22.02,19.25,24.94
22.64391,120.60001,2016,139,0.9,1.55,75.71,20.9,28.94,22.87,21.93,25.54
22.64391,120.60001,2016,140,1.34,1.09,76.71,21.59,29.42,23.42,21.57,26.02
22.64391,120.60001,2016,141,1.35,1.7,77.88,21.89,28.98,23.61,17.12,26.1
22.64391,120.60001,2016,142,13.97,2.08,85.57,22.34,26.49,23.32,2.62,24.98
22.64391,120.60001,2016,143,15.3,4.01,85.71,22.65,27.7,22.89,11.18,25.27
22.64391,120.60001,2016,144,11.89,2.76,83.73,23.01,28.73,24.08,11.57,26.01
22.64391,120.60001,2016,145,8.3,3.33,84.2,23.23,29.04,23.78,13.94,26.14
22.64391,120.60001,2016,146,0.17,1.8,72.66,20.82,29.98,22.99,23.91,26.27
22.64391,120.60001,2016,147,1.06,2.24,79.68,23.01,30.26,23.96,21.91,26.9
22.64391,120.60001,2016,148,1.04,2.79,78.57,23.45,30.93,24.97,24.39,27.57
22.64391,120.60001,2016,149,1.33,3.04,80.74,23.45,30,24.41,23.9,27.11
22.64391,120.60001,2016,150,1.9,3.72,81.69,23.76,30.26,24.81,22.26,27.21
22.64391,120.60001,2016,151,1.17,2.47,79.2,23.57,30.89,24.95,21.29,27.55
22.64391,120.60001,2016,152,1.15,2.49,78.77,23.48,30.86,24.67,21.78,27.56
22.64391,120.60001,2016,153,1.28,4.35,80.69,23.81,30.8,24.78,24.16,27.48
22.64391,120.60001,2016,154,3.14,3.59,81.15,23.94,30.48,25.52,18.07,27.5
22.64391,120.60001,2016,155,1.68,3.56,80.91,23.66,30.44,25.28,25.3,27.29
22.64391,120.60001,2016,156,2.32,3.51,80.11,23.63,30.55,24.94,24.82,27.45
22.64391,120.60001,2016,157,3.98,1.79,81.26,23.12,29.44,24.53,20.01,26.66
22.64391,120.60001,2016,158,8.63,1.84,82.45,22.63,28.25,24.03,21.22,25.92
22.64391,120.60001,2016,159,5.99,2.15,81.42,22.75,29.03,24.14,20.75,26.27
22.64391,120.60001,2016,160,5.46,3.51,87.86,23.36,27.22,24.23,15.27,25.57
22.64391,120.60001,2016,161,7.66,3.09,86.14,23.26,28.09,24.34,8.36,25.79
22.64391,120.60001,2016,162,47.73,3.9,89.7,23.52,26.84,24.01,2.9,25.37
22.64391,120.60001,2016,163,85.75,4.22,89.61,23.58,26.64,24.62,3.13,25.45
22.64391,120.60001,2016,164,14.97,4.03,90.81,23.82,26.78,24.53,9.74,25.48
22.64391,120.60001,2016,165,34.17,4.25,92.68,24.54,26.77,24.78,7.37,25.86
22.64391,120.60001,2016,166,21.58,3.87,91.36,24.72,27.44,25.33,18.29,26.28
22.64391,120.60001,2016,167,7.41,3.37,89.79,24.61,28.15,25.04,20.98,26.48
22.64391,120.60001,2016,168,3.17,3.11,89.16,24.44,27.95,25.17,23.29,26.43
22.64391,120.60001,2016,169,1.22,2.19,81.7,23.53,29.9,24.39,25.61,26.98
22.64391,120.60001,2016,170,1.32,2.7,81.43,23.35,29.67,24.26,24.74,26.89
22.64391,120.60001,2016,171,4.73,3.52,84.74,23.96,29.26,24.13,25.22,26.83
22.64391,120.60001,2016,172,1.33,3.54,82.86,23.62,29.53,24.6,25.3,26.84
22.64391,120.60001,2016,173,0.35,2.56,85.12,23.94,28.65,24.82,23.99,26.7
22.64391,120.60001,2016,174,0.24,2.09,79.43,23.2,29.91,24.49,26.19,27.16
22.64391,120.60001,2016,175,0.33,2.56,81.62,23.64,29.94,24.63,24.97,27.11
22.64391,120.60001,2016,176,0.69,2.6,84.59,24.09,29.26,24.66,25.74,26.97
22.64391,120.60001,2016,177,0.94,2.49,83.51,24.28,29.81,25.26,23.94,27.37
22.64391,120.60001,2016,178,1.76,2.39,82.78,24.02,29.46,25.36,23.75,27.28
22.64391,120.60001,2016,179,2.87,3.45,79.7,23.69,30.53,24.61,25.63,27.61
22.64391,120.60001,2016,180,4.65,3.95,84.1,24.19,29.22,25.65,23.51,27.16
22.64391,120.60001,2016,181,1.49,3.44,79.59,23.64,30.52,25.13,25.07,27.55
22.64391,120.60001,2016,182,1.14,2.63,80.77,23.51,29.83,24.95,24.83,27.16
22.64391,120.60001,2016,183,2.28,2.67,83.03,23.8,29.53,24.61,24.67,26.98
22.64391,120.60001,2016,184,4.78,2.78,83.5,23.75,28.88,25.14,23.65,26.84
22.64391,120.60001,2016,185,5.19,2.3,82.54,23.57,29.65,24.9,23.36,26.86
22.64391,120.60001,2016,186,2.59,2.98,81.38,23.25,29.52,24.5,25.3,26.76
22.64391,120.60001,2016,187,4.2,2.4,77.46,23.02,30.33,24.36,13.98,27.41
22.64391,120.60001,2016,188,2.07,2.87,79.34,23.9,30.4,25.53,22.84,27.85
22.64391,120.60001,2016,189,11.04,2.62,85.47,24.6,29.79,25.1,16.41,27.32
22.64391,120.60001,2016,190,116.99,6.99,92.78,25.75,27.99,26.5,10.77,27.03
22.64391,120.60001,2016,191,25.82,7.1,89.83,24.8,28.22,25.16,14,26.64
22.64391,120.60001,2016,192,27.16,5.61,89.74,24.25,27.47,25.1,8.42,26.11
22.64391,120.60001,2016,193,23.76,5.64,90.9,23.97,26.43,24.82,7.65,25.6
22.64391,120.60001,2016,194,15.78,4.53,86.94,23.38,27.41,24.63,17.11,25.76
22.64391,120.60001,2016,195,2.46,3.08,87.23,24.08,28.57,24.3,23.28,26.43
22.64391,120.60001,2016,196,0.88,2.67,86.39,24.41,29.33,24.8,23.66,26.93
22.64391,120.60001,2016,197,0.44,3.18,85.34,24.32,29.36,25.14,24.81,27.05
22.64391,120.60001,2016,198,0.92,3.29,86.25,24.49,29.38,24.92,23.81,27.05
22.64391,120.60001,2016,199,1.36,2.69,84.67,24.27,29.63,25.11,22.51,27.14
22.64391,120.60001,2016,200,6.8,1.86,85.76,23.76,28.37,24.63,21.82,26.39
22.64391,120.60001,2016,201,6.55,1.77,80.4,22.78,28.83,24.39,19.99,26.49
22.64391,120.60001,2016,202,0.32,1.74,80.44,22.93,29.22,24.27,25.04,26.65
22.64391,120.60001,2016,203,0.19,1.66,76.56,22.55,30.48,23.82,25.8,27.2
22.64391,120.60001,2016,204,0.57,1.66,81.09,23.63,29.92,24.9,23.06,27.2
22.64391,120.60001,2016,205,0.41,1.83,80.33,23.71,30.28,25.06,24.32,27.46
22.64391,120.60001,2016,206,0.42,1.38,78.6,23.62,30.78,25.15,25,27.72
22.64391,120.60001,2016,207,0.52,1.18,77.67,23.34,30.57,25.14,23.29,27.64
22.64391,120.60001,2016,208,0.24,1.63,79.5,23.24,29.84,24.93,25.04,27.14
22.64391,120.60001,2016,209,0.48,2.35,81.45,23.62,29.63,25.29,23.32,27.11
22.64391,120.60001,2016,210,0.6,1.99,78.91,23.55,30.88,24.73,24.1,27.62
22.64391,120.60001,2016,211,0.8,0.88,77.63,23.54,31.04,25.29,24.15,27.86
22.64391,120.60001,2016,212,2.8,1.58,80.55,23.73,29.96,25.59,21.04,27.41
22.64391,120.60001,2016,213,13.13,3.43,75.65,23.35,31.42,25.59,23.19,28.12
